Date,Hour,AMPM,Temp_C
5/24/2018,12:00:00,AM,15.151
5/24/2018,1:00:00,AM,15.772
5/24/2018,2:00:00,AM,15.963
5/24/2018,3:00:00,AM,15.843
5/24/2018,4:00:00,AM,15.318
5/24/2018,5:00:00,AM,14.673
5/24/2018,6:00:00,AM,13.762
5/24/2018,7:00:00,AM,13.329
5/24/2018,8:00:00,AM,12.654
5/24/2018,9:00:00,AM,12.703
5/24/2018,10:00:00,AM,13.978
5/24/2018,11:00:00,AM,14.864
5/24/2018,12:00:00,PM,15.867
5/24/2018,1:00:00,PM,17.486
5/24/2018,2:00:00,PM,17.51
5/24/2018,3:00:00,PM,15.485
5/24/2018,4:00:00,PM,14.433
5/24/2018,5:00:00,PM,16.344
5/24/2018,6:00:00,PM,14.553
5/24/2018,7:00:00,PM,13.81
5/24/2018,8:00:00,PM,12.461
5/24/2018,9:00:00,PM,11.977
5/24/2018,10:00:00,PM,11.88
5/24/2018,11:00:00,PM,12.968
5/25/2018,12:00:00,AM,14.888
5/25/2018,1:00:00,AM,15.031
5/25/2018,2:00:00,AM,15.867
5/25/2018,3:00:00,AM,16.058
5/25/2018,4:00:00,AM,13.473
5/25/2018,5:00:00,AM,13.016
5/25/2018,6:00:00,AM,15.079
5/25/2018,7:00:00,AM,13.978
5/25/2018,8:00:00,AM,13.642
5/25/2018,9:00:00,AM,12.799
5/25/2018,10:00:00,AM,12.847
5/25/2018,11:00:00,AM,14.242
5/25/2018,12:00:00,PM,14.577
5/25/2018,1:00:00,PM,15.103
5/25/2018,2:00:00,PM,16.201
5/25/2018,3:00:00,PM,17.201
5/25/2018,4:00:00,PM,17.272
5/25/2018,5:00:00,PM,17.605
5/25/2018,6:00:00,PM,15.079
5/25/2018,7:00:00,PM,14.385
5/25/2018,8:00:00,PM,13.209
5/25/2018,9:00:00,PM,12.63
5/25/2018,10:00:00,PM,12.171
5/25/2018,11:00:00,PM,12.606
5/26/2018,12:00:00,AM,12.847
5/26/2018,1:00:00,AM,13.906
5/26/2018,2:00:00,AM,15.055
5/26/2018,3:00:00,AM,15.27
5/26/2018,4:00:00,AM,15.103
5/26/2018,5:00:00,AM,12.316
5/26/2018,6:00:00,AM,12.098
5/26/2018,7:00:00,AM,13.161
5/26/2018,8:00:00,AM,14.242
5/26/2018,9:00:00,AM,13.978
5/26/2018,10:00:00,AM,13.281
5/26/2018,11:00:00,AM,13.112
5/26/2018,12:00:00,PM,13.618
5/26/2018,1:00:00,PM,14.84
5/26/2018,2:00:00,PM,17.106
5/26/2018,3:00:00,PM,16.511
5/26/2018,4:00:00,PM,17.843
5/26/2018,5:00:00,PM,18.818
5/26/2018,6:00:00,PM,16.106
5/26/2018,7:00:00,PM,14.625
5/26/2018,8:00:00,PM,14.361
5/26/2018,9:00:00,PM,13.666
5/26/2018,10:00:00,PM,13.257
5/26/2018,11:00:00,PM,13.04
5/27/2018,12:00:00,AM,13.353
5/27/2018,1:00:00,AM,13.666
5/27/2018,2:00:00,AM,14.721
5/27/2018,3:00:00,AM,15.223
5/27/2018,4:00:00,AM,15.223
5/27/2018,5:00:00,AM,11.248
5/27/2018,6:00:00,AM,10.59
5/27/2018,7:00:00,AM,11.224
5/27/2018,8:00:00,AM,13.738
5/27/2018,9:00:00,AM,14.481
5/27/2018,10:00:00,AM,14.433
5/27/2018,11:00:00,AM,12.171
5/27/2018,12:00:00,PM,12.678
5/27/2018,1:00:00,PM,13.522
5/27/2018,2:00:00,PM,16.249
5/27/2018,3:00:00,PM,17.962
5/27/2018,4:00:00,PM,19.651
5/27/2018,5:00:00,PM,20.913
5/27/2018,6:00:00,PM,18.58
5/27/2018,7:00:00,PM,15.533
5/27/2018,8:00:00,PM,14.409
5/27/2018,9:00:00,PM,13.906
5/27/2018,10:00:00,PM,13.137
5/27/2018,11:00:00,PM,12.703
5/28/2018,12:00:00,AM,13.377
5/28/2018,1:00:00,AM,15.652
5/28/2018,2:00:00,AM,15.533
5/28/2018,3:00:00,AM,15.461
5/28/2018,4:00:00,AM,15.843
5/28/2018,5:00:00,AM,16.296
5/28/2018,6:00:00,AM,11.224
5/28/2018,7:00:00,AM,11.856
5/28/2018,8:00:00,AM,15.103
5/28/2018,9:00:00,AM,18.105
5/28/2018,10:00:00,AM,15.079
5/28/2018,11:00:00,AM,13.401
5/28/2018,12:00:00,PM,12.751
5/28/2018,1:00:00,PM,13.546
5/28/2018,2:00:00,PM,14.529
5/28/2018,3:00:00,PM,16.868
5/28/2018,4:00:00,PM,17.986
5/28/2018,5:00:00,PM,19.389
5/28/2018,6:00:00,PM,19.484
5/28/2018,7:00:00,PM,17.153
5/28/2018,8:00:00,PM,15.175
5/28/2018,9:00:00,PM,14.314
5/28/2018,10:00:00,PM,13.858
5/28/2018,11:00:00,PM,13.329
5/29/2018,12:00:00,AM,13.088
5/29/2018,1:00:00,AM,14.457
5/29/2018,2:00:00,AM,15.485
5/29/2018,3:00:00,AM,15.605
5/29/2018,4:00:00,AM,16.153
5/29/2018,5:00:00,AM,16.463
5/29/2018,6:00:00,AM,13.473
5/29/2018,7:00:00,AM,12.775
5/29/2018,8:00:00,AM,14.864
5/29/2018,9:00:00,AM,19.984
5/29/2018,10:00:00,AM,16.344
5/29/2018,11:00:00,AM,15.342
5/29/2018,12:00:00,PM,14.194
5/29/2018,1:00:00,PM,14.17
5/29/2018,2:00:00,PM,14.481
5/29/2018,3:00:00,PM,15.294
5/29/2018,4:00:00,PM,16.511
5/29/2018,5:00:00,PM,17.082
5/29/2018,6:00:00,PM,16.939
5/29/2018,7:00:00,PM,17.201
5/29/2018,8:00:00,PM,15.485
5/29/2018,9:00:00,PM,14.816
5/29/2018,10:00:00,PM,14.337
5/29/2018,11:00:00,PM,13.882
5/30/2018,12:00:00,AM,13.546
5/30/2018,1:00:00,AM,13.546
5/30/2018,2:00:00,AM,13.834
5/30/2018,3:00:00,AM,14.84
5/30/2018,4:00:00,AM,14.84
5/30/2018,5:00:00,AM,14.433
5/30/2018,6:00:00,AM,13.81
5/30/2018,7:00:00,AM,11.807
5/30/2018,8:00:00,AM,11.175
5/30/2018,9:00:00,AM,13.209
5/30/2018,10:00:00,AM,15.27
5/30/2018,11:00:00,AM,15.127
5/30/2018,12:00:00,PM,14.888
5/30/2018,1:00:00,PM,14.385
5/30/2018,2:00:00,PM,14.361
5/30/2018,3:00:00,PM,14.29
5/30/2018,4:00:00,PM,14.457
5/30/2018,5:00:00,PM,14.673
5/30/2018,6:00:00,PM,15.318
5/30/2018,7:00:00,PM,15.557
5/30/2018,8:00:00,PM,15.27
5/30/2018,9:00:00,PM,14.84
5/30/2018,10:00:00,PM,14.194
5/30/2018,11:00:00,PM,13.906
5/31/2018,12:00:00,AM,13.497
5/31/2018,1:00:00,AM,13.137
5/31/2018,2:00:00,AM,13.714
5/31/2018,3:00:00,AM,13.425
5/31/2018,4:00:00,AM,13.161
5/31/2018,5:00:00,AM,12.871
5/31/2018,6:00:00,AM,12.534
5/31/2018,7:00:00,AM,12.171
5/31/2018,8:00:00,AM,11.734
5/31/2018,9:00:00,AM,14.05
5/31/2018,10:00:00,AM,15.509
5/31/2018,11:00:00,AM,16.463
5/31/2018,12:00:00,PM,15.008
5/31/2018,1:00:00,PM,14.697
5/31/2018,2:00:00,PM,14.074
5/31/2018,3:00:00,PM,13.978
5/31/2018,4:00:00,PM,13.93
5/31/2018,5:00:00,PM,14.074
5/31/2018,6:00:00,PM,14.361
5/31/2018,7:00:00,PM,15.008
5/31/2018,8:00:00,PM,15.414
5/31/2018,9:00:00,PM,14.84
5/31/2018,10:00:00,PM,14.05
5/31/2018,11:00:00,PM,13.69
6/1/2018,12:00:00,AM,13.377
6/1/2018,1:00:00,AM,13.112
6/1/2018,2:00:00,AM,13.209
6/1/2018,3:00:00,AM,13.185
6/1/2018,4:00:00,AM,13.69
6/1/2018,5:00:00,AM,14.457
6/1/2018,6:00:00,AM,14.194
6/1/2018,7:00:00,AM,13.161
6/1/2018,8:00:00,AM,12.534
6/1/2018,9:00:00,AM,17.915
6/1/2018,10:00:00,AM,24.677
6/1/2018,11:00:00,AM,21.843
6/1/2018,12:00:00,PM,21.891
6/1/2018,1:00:00,PM,15.652
6/1/2018,2:00:00,PM,12.799
6/1/2018,3:00:00,PM,12.437
6/1/2018,4:00:00,PM,12.558
6/1/2018,5:00:00,PM,12.896
6/1/2018,6:00:00,PM,13.329
6/1/2018,7:00:00,PM,14.912
6/1/2018,8:00:00,PM,15.438
6/1/2018,9:00:00,PM,14.098
6/1/2018,10:00:00,PM,13.858
6/1/2018,11:00:00,PM,12.703
6/2/2018,12:00:00,AM,12.195
6/2/2018,1:00:00,AM,12.001
6/2/2018,2:00:00,AM,11.977
6/2/2018,3:00:00,AM,12.799
6/2/2018,4:00:00,AM,14.745
6/2/2018,5:00:00,AM,14.697
6/2/2018,6:00:00,AM,15.557
6/2/2018,7:00:00,AM,15.557
6/2/2018,8:00:00,AM,15.963
6/2/2018,9:00:00,AM,19.246
6/2/2018,10:00:00,AM,22.25
6/2/2018,11:00:00,AM,24.339
6/2/2018,12:00:00,PM,23.809
6/2/2018,1:00:00,PM,16.558
6/2/2018,2:00:00,PM,15.079
6/2/2018,3:00:00,PM,12.122
6/2/2018,4:00:00,PM,11.929
6/2/2018,5:00:00,PM,12.896
6/2/2018,6:00:00,PM,13.954
6/2/2018,7:00:00,PM,15.891
6/2/2018,8:00:00,PM,16.32
6/2/2018,9:00:00,PM,16.082
6/2/2018,10:00:00,PM,15.629
6/2/2018,11:00:00,PM,13.449
6/3/2018,12:00:00,AM,12.678
6/3/2018,1:00:00,AM,12.122
6/3/2018,2:00:00,AM,12.171
6/3/2018,3:00:00,AM,12.654
6/3/2018,4:00:00,AM,13.137
6/3/2018,5:00:00,AM,14.649
6/3/2018,6:00:00,AM,16.01
6/3/2018,7:00:00,AM,16.106
6/3/2018,8:00:00,AM,17.819
6/3/2018,9:00:00,AM,20.603
6/3/2018,10:00:00,AM,25.04
6/3/2018,11:00:00,AM,19.27
6/3/2018,12:00:00,PM,20.579
6/3/2018,1:00:00,PM,19.603
6/3/2018,2:00:00,PM,16.272
6/3/2018,3:00:00,PM,13.786
6/3/2018,4:00:00,PM,12.751
6/3/2018,5:00:00,PM,13.329
6/3/2018,6:00:00,PM,13.57
6/3/2018,7:00:00,PM,14.481
6/3/2018,8:00:00,PM,15.055
6/3/2018,9:00:00,PM,16.01
6/3/2018,10:00:00,PM,16.32
6/3/2018,11:00:00,PM,15.342
6/4/2018,12:00:00,AM,13.81
6/4/2018,1:00:00,AM,13.401
6/4/2018,2:00:00,AM,12.968
6/4/2018,3:00:00,AM,12.847
6/4/2018,4:00:00,AM,13.209
6/4/2018,5:00:00,AM,13.978
6/4/2018,6:00:00,AM,15.318
6/4/2018,7:00:00,AM,15.414
6/4/2018,8:00:00,AM,16.082
6/4/2018,9:00:00,AM,16.272
6/4/2018,10:00:00,AM,14.529
6/4/2018,11:00:00,AM,16.582
6/4/2018,12:00:00,PM,17.225
6/4/2018,1:00:00,PM,16.915
6/4/2018,2:00:00,PM,16.177
6/4/2018,3:00:00,PM,15.581
6/4/2018,4:00:00,PM,15.008
6/4/2018,5:00:00,PM,14.601
6/4/2018,6:00:00,PM,14.218
6/4/2018,7:00:00,PM,14.074
6/4/2018,8:00:00,PM,14.194
6/4/2018,9:00:00,PM,14.074
6/4/2018,10:00:00,PM,14.649
6/4/2018,11:00:00,PM,14.601
6/5/2018,12:00:00,AM,15.031
6/5/2018,1:00:00,AM,14.29
6/5/2018,2:00:00,AM,14.002
6/5/2018,3:00:00,AM,13.594
6/5/2018,4:00:00,AM,13.401
6/5/2018,5:00:00,AM,13.353
6/5/2018,6:00:00,AM,13.497
6/5/2018,7:00:00,AM,13.57
6/5/2018,8:00:00,AM,13.257
6/5/2018,9:00:00,AM,13.762
6/5/2018,10:00:00,AM,15.055
6/5/2018,11:00:00,AM,16.296
6/5/2018,12:00:00,PM,17.177
6/5/2018,1:00:00,PM,16.487
6/5/2018,2:00:00,PM,16.654
6/5/2018,3:00:00,PM,15.724
6/5/2018,4:00:00,PM,15.414
6/5/2018,5:00:00,PM,14.505
6/5/2018,6:00:00,PM,14.242
6/5/2018,7:00:00,PM,13.786
6/5/2018,8:00:00,PM,13.69
6/5/2018,9:00:00,PM,15.342
6/5/2018,10:00:00,PM,14.912
6/5/2018,11:00:00,PM,14.409
6/6/2018,12:00:00,AM,14.266
6/6/2018,1:00:00,AM,14.409
6/6/2018,2:00:00,AM,14.026
6/6/2018,3:00:00,AM,14.002
6/6/2018,4:00:00,AM,13.69
6/6/2018,5:00:00,AM,13.546
6/6/2018,6:00:00,AM,13.401
6/6/2018,7:00:00,AM,13.281
6/6/2018,8:00:00,AM,13.642
6/6/2018,9:00:00,AM,14.002
6/6/2018,10:00:00,AM,14.984
6/6/2018,11:00:00,AM,16.892
6/6/2018,12:00:00,PM,16.439
6/6/2018,1:00:00,PM,16.987
6/6/2018,2:00:00,PM,15.605
6/6/2018,3:00:00,PM,16.296
6/6/2018,4:00:00,PM,15.557
6/6/2018,5:00:00,PM,15.485
6/6/2018,6:00:00,PM,14.433
6/6/2018,7:00:00,PM,14.122
6/6/2018,8:00:00,PM,13.618
6/6/2018,9:00:00,PM,14.385
6/6/2018,10:00:00,PM,15.294
6/6/2018,11:00:00,PM,15.055
6/7/2018,12:00:00,AM,14.601
6/7/2018,1:00:00,AM,14.505
6/7/2018,2:00:00,AM,14.864
6/7/2018,3:00:00,AM,14.457
6/7/2018,4:00:00,AM,14.242
6/7/2018,5:00:00,AM,14.074
6/7/2018,6:00:00,AM,13.834
6/7/2018,7:00:00,AM,13.834
6/7/2018,8:00:00,AM,13.93
6/7/2018,9:00:00,AM,14.409
6/7/2018,10:00:00,AM,15.127
6/7/2018,11:00:00,AM,16.32
6/7/2018,12:00:00,PM,18.485
6/7/2018,1:00:00,PM,17.011
6/7/2018,2:00:00,PM,18.771
6/7/2018,3:00:00,PM,17.986
6/7/2018,4:00:00,PM,16.487
6/7/2018,5:00:00,PM,15.796
6/7/2018,6:00:00,PM,15.151
6/7/2018,7:00:00,PM,14.194
6/7/2018,8:00:00,PM,13.69
6/7/2018,9:00:00,PM,13.497
6/7/2018,10:00:00,PM,13.81
6/7/2018,11:00:00,PM,14.745
6/8/2018,12:00:00,AM,14.912
6/8/2018,1:00:00,AM,15.342
6/8/2018,2:00:00,AM,15.055
6/8/2018,3:00:00,AM,15.103
6/8/2018,4:00:00,AM,14.721
6/8/2018,5:00:00,AM,14.721
6/8/2018,6:00:00,AM,14.577
6/8/2018,7:00:00,AM,14.337
6/8/2018,8:00:00,AM,14.409
6/8/2018,9:00:00,AM,14.84
6/8/2018,10:00:00,AM,15.366
6/8/2018,11:00:00,AM,16.558
6/8/2018,12:00:00,PM,17.819
6/8/2018,1:00:00,PM,19.817
6/8/2018,2:00:00,PM,17.439
6/8/2018,3:00:00,PM,17.177
6/8/2018,4:00:00,PM,17.034
6/8/2018,5:00:00,PM,16.034
6/8/2018,6:00:00,PM,15.7
6/8/2018,7:00:00,PM,14.266
6/8/2018,8:00:00,PM,13.858
6/8/2018,9:00:00,PM,13.714
6/8/2018,10:00:00,PM,14.361
6/8/2018,11:00:00,PM,14.864
6/9/2018,12:00:00,AM,15.891
6/9/2018,1:00:00,AM,16.106
6/9/2018,2:00:00,AM,16.392
6/9/2018,3:00:00,AM,15.986
6/9/2018,4:00:00,AM,13.762
6/9/2018,5:00:00,AM,15.509
6/9/2018,6:00:00,AM,15.581
6/9/2018,7:00:00,AM,15.103
6/9/2018,8:00:00,AM,15.008
6/9/2018,9:00:00,AM,15.079
6/9/2018,10:00:00,AM,15.103
6/9/2018,11:00:00,AM,15.748
6/9/2018,12:00:00,PM,16.082
6/9/2018,1:00:00,PM,17.153
6/9/2018,2:00:00,PM,19.08
6/9/2018,3:00:00,PM,19.722
6/9/2018,4:00:00,PM,18.271
6/9/2018,5:00:00,PM,16.725
6/9/2018,6:00:00,PM,15.915
6/9/2018,7:00:00,PM,14.96
6/9/2018,8:00:00,PM,13.906
6/9/2018,9:00:00,PM,13.473
6/9/2018,10:00:00,PM,12.992
6/9/2018,11:00:00,PM,13.93
6/10/2018,12:00:00,AM,15.342
6/10/2018,1:00:00,AM,15.581
6/10/2018,2:00:00,AM,15.103
6/10/2018,3:00:00,AM,14.745
6/10/2018,4:00:00,AM,10.296
6/10/2018,5:00:00,AM,10.001
6/10/2018,6:00:00,AM,11.029
6/10/2018,7:00:00,AM,14.697
6/10/2018,8:00:00,AM,15.127
6/10/2018,9:00:00,AM,14.721
6/10/2018,10:00:00,AM,12.896
6/10/2018,11:00:00,AM,13.954
6/10/2018,12:00:00,PM,14.433
6/10/2018,1:00:00,PM,15.342
6/10/2018,2:00:00,PM,16.868
6/10/2018,3:00:00,PM,18.319
6/10/2018,4:00:00,PM,18.081
6/10/2018,5:00:00,PM,16.677
6/10/2018,6:00:00,PM,15.509
6/10/2018,7:00:00,PM,14.529
6/10/2018,8:00:00,PM,13.786
6/10/2018,9:00:00,PM,13.04
6/10/2018,10:00:00,PM,12.606
6/10/2018,11:00:00,PM,12.799
6/11/2018,12:00:00,AM,13.425
6/11/2018,1:00:00,AM,15.103
6/11/2018,2:00:00,AM,15.557
6/11/2018,3:00:00,AM,15.509
6/11/2018,4:00:00,AM,13.088
6/11/2018,5:00:00,AM,11.346
6/11/2018,6:00:00,AM,11.88
6/11/2018,7:00:00,AM,12.799
6/11/2018,8:00:00,AM,15.39
6/11/2018,9:00:00,AM,15.127
6/11/2018,10:00:00,AM,13.522
6/11/2018,11:00:00,AM,12.558
6/11/2018,12:00:00,PM,13.257
6/11/2018,1:00:00,PM,14.984
6/11/2018,2:00:00,PM,17.153
6/11/2018,3:00:00,PM,18.652
6/11/2018,4:00:00,PM,19.341
6/11/2018,5:00:00,PM,18.58
6/11/2018,6:00:00,PM,15.939
6/11/2018,7:00:00,PM,14.721
6/11/2018,8:00:00,PM,14.122
6/11/2018,9:00:00,PM,13.329
6/11/2018,10:00:00,PM,12.799
6/11/2018,11:00:00,PM,12.582
6/12/2018,12:00:00,AM,13.233
6/12/2018,1:00:00,AM,14.936
6/12/2018,2:00:00,AM,15.581
6/12/2018,3:00:00,AM,16.63
6/12/2018,4:00:00,AM,16.773
6/12/2018,5:00:00,AM,11.443
6/12/2018,6:00:00,AM,11.248
6/12/2018,7:00:00,AM,12.098
6/12/2018,8:00:00,AM,15.223
6/12/2018,9:00:00,AM,16.153
6/12/2018,10:00:00,AM,15.485
6/12/2018,11:00:00,AM,12.364
6/12/2018,12:00:00,PM,12.074
6/12/2018,1:00:00,PM,12.847
6/12/2018,2:00:00,PM,16.773
6/12/2018,3:00:00,PM,18.271
6/12/2018,4:00:00,PM,19.603
6/12/2018,5:00:00,PM,19.96
6/12/2018,6:00:00,PM,17.368
6/12/2018,7:00:00,PM,14.864
6/12/2018,8:00:00,PM,13.57
6/12/2018,9:00:00,PM,13.137
6/12/2018,10:00:00,PM,12.34
6/12/2018,11:00:00,PM,11.759
6/13/2018,12:00:00,AM,12.316
6/13/2018,1:00:00,AM,13.642
6/13/2018,2:00:00,AM,14.577
6/13/2018,3:00:00,AM,15.557
6/13/2018,4:00:00,AM,16.701
6/13/2018,5:00:00,AM,16.844
6/13/2018,6:00:00,AM,11.88
6/13/2018,7:00:00,AM,11.589
6/13/2018,8:00:00,AM,13.762
6/13/2018,9:00:00,AM,17.653
6/13/2018,10:00:00,AM,17.772
6/13/2018,11:00:00,AM,15.294
6/13/2018,12:00:00,PM,12.509
6/13/2018,1:00:00,PM,12.316
6/13/2018,2:00:00,PM,12.219
6/13/2018,3:00:00,PM,12.944
6/13/2018,4:00:00,PM,13.714
6/13/2018,5:00:00,PM,14.84
6/13/2018,6:00:00,PM,17.391
6/13/2018,7:00:00,PM,14.792
6/13/2018,8:00:00,PM,13.594
6/13/2018,9:00:00,PM,12.944
6/13/2018,10:00:00,PM,12.461
6/13/2018,11:00:00,PM,11.88
6/14/2018,12:00:00,AM,11.71
6/14/2018,1:00:00,AM,12.171
6/14/2018,2:00:00,AM,12.992
6/14/2018,3:00:00,AM,13.786
6/14/2018,4:00:00,AM,14.96
6/14/2018,5:00:00,AM,15.676
6/14/2018,6:00:00,AM,14.457
6/14/2018,7:00:00,AM,10.663
6/14/2018,8:00:00,AM,12.05
6/14/2018,9:00:00,AM,14.936
6/14/2018,10:00:00,AM,19.674
6/14/2018,11:00:00,AM,15.748
6/14/2018,12:00:00,PM,13.834
6/14/2018,1:00:00,PM,12.461
6/14/2018,2:00:00,PM,12.147
6/14/2018,3:00:00,PM,13.04
6/14/2018,4:00:00,PM,14.816
6/14/2018,5:00:00,PM,16.868
6/14/2018,6:00:00,PM,17.629
6/14/2018,7:00:00,PM,18.319
6/14/2018,8:00:00,PM,15.414
6/14/2018,9:00:00,PM,13.618
6/14/2018,10:00:00,PM,13.161
6/14/2018,11:00:00,PM,11.953
6/15/2018,12:00:00,AM,11.005
6/15/2018,1:00:00,AM,10.883
6/15/2018,2:00:00,AM,14.409
6/15/2018,3:00:00,AM,15.461
6/15/2018,4:00:00,AM,15.103
6/15/2018,5:00:00,AM,15.414
6/15/2018,6:00:00,AM,16.177
6/15/2018,7:00:00,AM,15.103
6/15/2018,8:00:00,AM,12.195
6/15/2018,9:00:00,AM,15.103
6/15/2018,10:00:00,AM,19.508
6/15/2018,11:00:00,AM,18.771
6/15/2018,12:00:00,PM,15.676
6/15/2018,1:00:00,PM,13.161
6/15/2018,2:00:00,PM,12.534
6/15/2018,3:00:00,PM,12.654
6/15/2018,4:00:00,PM,13.353
6/15/2018,5:00:00,PM,14.984
6/15/2018,6:00:00,PM,15.533
6/15/2018,7:00:00,PM,15.772
6/15/2018,8:00:00,PM,16.01
6/15/2018,9:00:00,PM,14.697
6/15/2018,10:00:00,PM,12.92
6/15/2018,11:00:00,PM,12.364
6/16/2018,12:00:00,AM,12.171
6/16/2018,1:00:00,AM,11.613
6/16/2018,2:00:00,AM,11.637
6/16/2018,3:00:00,AM,12.195
6/16/2018,4:00:00,AM,13.762
6/16/2018,5:00:00,AM,14.098
6/16/2018,6:00:00,AM,15.27
6/16/2018,7:00:00,AM,16.654
6/16/2018,8:00:00,AM,15.581
6/16/2018,9:00:00,AM,16.392
6/16/2018,10:00:00,AM,18.485
6/16/2018,11:00:00,AM,16.415
6/16/2018,12:00:00,PM,15.748
6/16/2018,1:00:00,PM,15.008
6/16/2018,2:00:00,PM,12.847
6/16/2018,3:00:00,PM,12.461
6/16/2018,4:00:00,PM,12.147
6/16/2018,5:00:00,PM,12.896
6/16/2018,6:00:00,PM,13.233
6/16/2018,7:00:00,PM,14.577
6/16/2018,8:00:00,PM,15.175
6/16/2018,9:00:00,PM,15.652
6/16/2018,10:00:00,PM,14.864
6/16/2018,11:00:00,PM,13.425
6/17/2018,12:00:00,AM,12.823
6/17/2018,1:00:00,AM,12.171
6/17/2018,2:00:00,AM,11.492
6/17/2018,3:00:00,AM,12.074
6/17/2018,4:00:00,AM,14.553
6/17/2018,5:00:00,AM,14.505
6/17/2018,6:00:00,AM,15.294
6/17/2018,7:00:00,AM,16.01
6/17/2018,8:00:00,AM,15.748
6/17/2018,9:00:00,AM,14.529
6/17/2018,10:00:00,AM,14.864
6/17/2018,11:00:00,AM,15.438
6/17/2018,12:00:00,PM,16.392
6/17/2018,1:00:00,PM,15.986
6/17/2018,2:00:00,PM,15.103
6/17/2018,3:00:00,PM,13.305
6/17/2018,4:00:00,PM,12.823
6/17/2018,5:00:00,PM,12.678
6/17/2018,6:00:00,PM,14.074
6/17/2018,7:00:00,PM,14.553
6/17/2018,8:00:00,PM,15.891
6/17/2018,9:00:00,PM,16.558
6/17/2018,10:00:00,PM,16.582
6/17/2018,11:00:00,PM,16.106
6/18/2018,12:00:00,AM,14.17
6/18/2018,1:00:00,AM,13.666
6/18/2018,2:00:00,AM,12.992
6/18/2018,3:00:00,AM,12.219
6/18/2018,4:00:00,AM,13.016
6/18/2018,5:00:00,AM,14.218
6/18/2018,6:00:00,AM,15.533
6/18/2018,7:00:00,AM,16.392
6/18/2018,8:00:00,AM,16.987
6/18/2018,9:00:00,AM,17.344
6/18/2018,10:00:00,AM,15.031
6/18/2018,11:00:00,AM,16.844
6/18/2018,12:00:00,PM,15.915
6/18/2018,1:00:00,PM,19.698
6/18/2018,2:00:00,PM,17.201
6/18/2018,3:00:00,PM,15.318
6/18/2018,4:00:00,PM,13.81
6/18/2018,5:00:00,PM,13.714
6/18/2018,6:00:00,PM,13.522
6/18/2018,7:00:00,PM,14.242
6/18/2018,8:00:00,PM,14.912
6/18/2018,9:00:00,PM,16.082
6/18/2018,10:00:00,PM,16.534
6/18/2018,11:00:00,PM,16.368
6/19/2018,12:00:00,AM,15.676
6/19/2018,1:00:00,AM,14.553
6/19/2018,2:00:00,AM,14.05
6/19/2018,3:00:00,AM,13.858
6/19/2018,4:00:00,AM,13.546
6/19/2018,5:00:00,AM,13.69
6/19/2018,6:00:00,AM,14.194
6/19/2018,7:00:00,AM,15.127
6/19/2018,8:00:00,AM,16.392
6/19/2018,9:00:00,AM,16.463
6/19/2018,10:00:00,AM,15.915
6/19/2018,11:00:00,AM,13.906
6/19/2018,12:00:00,PM,14.098
6/19/2018,1:00:00,PM,15.605
6/19/2018,2:00:00,PM,18.628
6/19/2018,3:00:00,PM,15.199
6/19/2018,4:00:00,PM,14.649
6/19/2018,5:00:00,PM,14.29
6/19/2018,6:00:00,PM,13.954
6/19/2018,7:00:00,PM,13.594
6/19/2018,8:00:00,PM,14.194
6/19/2018,9:00:00,PM,14.433
6/19/2018,10:00:00,PM,14.888
6/19/2018,11:00:00,PM,15.605
6/20/2018,12:00:00,AM,15.461
6/20/2018,1:00:00,AM,15.055
6/20/2018,2:00:00,AM,14.816
6/20/2018,3:00:00,AM,14.05
6/20/2018,4:00:00,AM,13.978
6/20/2018,5:00:00,AM,13.858
6/20/2018,6:00:00,AM,13.714
6/20/2018,7:00:00,AM,13.786
6/20/2018,8:00:00,AM,13.858
6/20/2018,9:00:00,AM,14.074
6/20/2018,10:00:00,AM,14.481
6/20/2018,11:00:00,AM,15.223
6/20/2018,12:00:00,PM,15.318
6/20/2018,1:00:00,PM,16.058
6/20/2018,2:00:00,PM,16.868
6/20/2018,3:00:00,PM,15.748
6/20/2018,4:00:00,PM,15.055
6/20/2018,5:00:00,PM,14.816
6/20/2018,6:00:00,PM,14.481
6/20/2018,7:00:00,PM,14.194
6/20/2018,8:00:00,PM,14.05
6/20/2018,9:00:00,PM,14.218
6/20/2018,10:00:00,PM,14.96
6/20/2018,11:00:00,PM,15.843
6/21/2018,12:00:00,AM,15.485
6/21/2018,1:00:00,AM,15.079
6/21/2018,2:00:00,AM,15.223
6/21/2018,3:00:00,AM,15.247
6/21/2018,4:00:00,AM,14.649
6/21/2018,5:00:00,AM,14.242
6/21/2018,6:00:00,AM,14.098
6/21/2018,7:00:00,AM,13.906
6/21/2018,8:00:00,AM,14.026
6/21/2018,9:00:00,AM,14.242
6/21/2018,10:00:00,AM,14.697
6/21/2018,11:00:00,AM,15.986
6/21/2018,12:00:00,PM,18.081
6/21/2018,1:00:00,PM,23.641
6/21/2018,2:00:00,PM,18.961
6/21/2018,3:00:00,PM,20.46
6/21/2018,4:00:00,PM,16.32
6/21/2018,5:00:00,PM,15.509
6/21/2018,6:00:00,PM,13.714
6/21/2018,7:00:00,PM,13.762
6/21/2018,8:00:00,PM,13.401
6/21/2018,9:00:00,PM,13.762
6/21/2018,10:00:00,PM,14.026
6/21/2018,11:00:00,PM,15.055
6/22/2018,12:00:00,AM,16.201
6/22/2018,1:00:00,AM,17.272
6/22/2018,2:00:00,AM,16.773
6/22/2018,3:00:00,AM,16.177
6/22/2018,4:00:00,AM,15.7
6/22/2018,5:00:00,AM,15.461
6/22/2018,6:00:00,AM,14.409
6/22/2018,7:00:00,AM,14.29
6/22/2018,8:00:00,AM,14.098
6/22/2018,9:00:00,AM,14.433
6/22/2018,10:00:00,AM,16.177
6/22/2018,11:00:00,AM,17.082
6/22/2018,12:00:00,PM,18.937
6/22/2018,1:00:00,PM,21.032
6/22/2018,2:00:00,PM,22.753
6/22/2018,3:00:00,PM,20.412
6/22/2018,4:00:00,PM,17.415
6/22/2018,5:00:00,PM,15.629
6/22/2018,6:00:00,PM,15.533
6/22/2018,7:00:00,PM,13.57
6/22/2018,8:00:00,PM,13.281
6/22/2018,9:00:00,PM,13.016
6/22/2018,10:00:00,PM,13.522
6/22/2018,11:00:00,PM,14.074
6/23/2018,12:00:00,AM,15.939
6/23/2018,1:00:00,AM,17.225
6/23/2018,2:00:00,AM,18.2
6/23/2018,3:00:00,AM,17.915
6/23/2018,4:00:00,AM,14.649
6/23/2018,5:00:00,AM,13.738
6/23/2018,6:00:00,AM,16.129
6/23/2018,7:00:00,AM,14.984
6/23/2018,8:00:00,AM,14.768
6/23/2018,9:00:00,AM,13.522
6/23/2018,10:00:00,AM,14.122
6/23/2018,11:00:00,AM,16.844
6/23/2018,12:00:00,PM,17.772
6/23/2018,1:00:00,PM,19.341
6/23/2018,2:00:00,PM,21.151
6/23/2018,3:00:00,PM,22.776
6/23/2018,4:00:00,PM,20.15
6/23/2018,5:00:00,PM,16.939
6/23/2018,6:00:00,PM,15.127
6/23/2018,7:00:00,PM,14.625
6/23/2018,8:00:00,PM,13.425
6/23/2018,9:00:00,PM,12.751
6/23/2018,10:00:00,PM,12.775
6/23/2018,11:00:00,PM,15.008
6/24/2018,12:00:00,AM,15.796
6/24/2018,1:00:00,AM,16.153
6/24/2018,2:00:00,AM,17.082
6/24/2018,3:00:00,AM,17.32
6/24/2018,4:00:00,AM,17.415
6/24/2018,5:00:00,AM,14.266
6/24/2018,6:00:00,AM,13.93
6/24/2018,7:00:00,AM,16.225
6/24/2018,8:00:00,AM,15.079
6/24/2018,9:00:00,AM,14.816
6/24/2018,10:00:00,AM,12.823
6/24/2018,11:00:00,AM,13.233
6/24/2018,12:00:00,PM,15.055
6/24/2018,1:00:00,PM,16.177
6/24/2018,2:00:00,PM,17.582
6/24/2018,3:00:00,PM,18.771
6/24/2018,4:00:00,PM,20.15
6/24/2018,5:00:00,PM,18.414
6/24/2018,6:00:00,PM,15.27
6/24/2018,7:00:00,PM,14.529
6/24/2018,8:00:00,PM,13.449
6/24/2018,9:00:00,PM,12.34
6/24/2018,10:00:00,PM,11.977
6/24/2018,11:00:00,PM,12.823
6/25/2018,12:00:00,AM,14.673
6/25/2018,1:00:00,AM,15.915
6/25/2018,2:00:00,AM,16.701
6/25/2018,3:00:00,AM,17.344
6/25/2018,4:00:00,AM,17.439
6/25/2018,5:00:00,AM,14.266
6/25/2018,6:00:00,AM,13.281
6/25/2018,7:00:00,AM,13.786
6/25/2018,8:00:00,AM,15.986
6/25/2018,9:00:00,AM,15.175
6/25/2018,10:00:00,AM,14.505
6/25/2018,11:00:00,AM,12.871
6/25/2018,12:00:00,PM,13.69
6/25/2018,1:00:00,PM,14.697
6/25/2018,2:00:00,PM,17.368
6/25/2018,3:00:00,PM,18.438
6/25/2018,4:00:00,PM,18.319
6/25/2018,5:00:00,PM,18.652
6/25/2018,6:00:00,PM,16.392
6/25/2018,7:00:00,PM,14.864
6/25/2018,8:00:00,PM,14.146
6/25/2018,9:00:00,PM,13.522
6/25/2018,10:00:00,PM,12.896
6/25/2018,11:00:00,PM,12.823
6/26/2018,12:00:00,AM,13.858
6/26/2018,1:00:00,AM,16.106
6/26/2018,2:00:00,AM,16.106
6/26/2018,3:00:00,AM,17.177
6/26/2018,4:00:00,AM,17.772
6/26/2018,5:00:00,AM,15.796
6/26/2018,6:00:00,AM,11.565
6/26/2018,7:00:00,AM,11.346
6/26/2018,8:00:00,AM,15.461
6/26/2018,9:00:00,AM,16.01
6/26/2018,10:00:00,AM,15.342
6/26/2018,11:00:00,AM,14.05
6/26/2018,12:00:00,PM,13.401
6/26/2018,1:00:00,PM,13.81
6/26/2018,2:00:00,PM,15.915
6/26/2018,3:00:00,PM,18.2
6/26/2018,4:00:00,PM,19.436
6/26/2018,5:00:00,PM,19.46
6/26/2018,6:00:00,PM,17.225
6/26/2018,7:00:00,PM,15.867
6/26/2018,8:00:00,PM,14.457
6/26/2018,9:00:00,PM,14.146
6/26/2018,10:00:00,PM,13.882
6/26/2018,11:00:00,PM,13.642
6/27/2018,12:00:00,AM,13.834
6/27/2018,1:00:00,AM,15.7
6/27/2018,2:00:00,AM,16.082
6/27/2018,3:00:00,AM,16.773
6/27/2018,4:00:00,AM,17.463
6/27/2018,5:00:00,AM,17.891
6/27/2018,6:00:00,AM,14.553
6/27/2018,7:00:00,AM,12.461
6/27/2018,8:00:00,AM,13.473
6/27/2018,9:00:00,AM,14.553
6/27/2018,10:00:00,AM,15.748
6/27/2018,11:00:00,AM,15.247
6/27/2018,12:00:00,PM,13.425
6/27/2018,1:00:00,PM,13.281
6/27/2018,2:00:00,PM,13.93
6/27/2018,3:00:00,PM,15.581
6/27/2018,4:00:00,PM,16.534
6/27/2018,5:00:00,PM,17.153
6/27/2018,6:00:00,PM,16.701
6/27/2018,7:00:00,PM,15.39
6/27/2018,8:00:00,PM,14.29
6/27/2018,9:00:00,PM,13.786
6/27/2018,10:00:00,PM,13.618
6/27/2018,11:00:00,PM,13.329
6/28/2018,12:00:00,AM,13.088
6/28/2018,1:00:00,AM,13.618
6/28/2018,2:00:00,AM,14.337
6/28/2018,3:00:00,AM,14.936
6/28/2018,4:00:00,AM,16.082
6/28/2018,5:00:00,AM,16.463
6/28/2018,6:00:00,AM,15.39
6/28/2018,7:00:00,AM,12.703
6/28/2018,8:00:00,AM,12.485
6/28/2018,9:00:00,AM,13.305
6/28/2018,10:00:00,AM,16.463
6/28/2018,11:00:00,AM,15.366
6/28/2018,12:00:00,PM,14.673
6/28/2018,1:00:00,PM,14.266
6/28/2018,2:00:00,PM,14.098
6/28/2018,3:00:00,PM,14.194
6/28/2018,4:00:00,PM,14.481
6/28/2018,5:00:00,PM,15.819
6/28/2018,6:00:00,PM,16.368
6/28/2018,7:00:00,PM,16.201
6/28/2018,8:00:00,PM,15.27
6/28/2018,9:00:00,PM,14.601
6/28/2018,10:00:00,PM,14.146
6/28/2018,11:00:00,PM,14.05
6/29/2018,12:00:00,AM,13.642
6/29/2018,1:00:00,AM,13.81
6/29/2018,2:00:00,AM,13.93
6/29/2018,3:00:00,AM,14.601
6/29/2018,4:00:00,AM,15.772
6/29/2018,5:00:00,AM,16.177
6/29/2018,6:00:00,AM,15.509
6/29/2018,7:00:00,AM,13.497
6/29/2018,8:00:00,AM,13.088
6/29/2018,9:00:00,AM,15.223
6/29/2018,10:00:00,AM,16.463
6/29/2018,11:00:00,AM,16.058
6/29/2018,12:00:00,PM,15.461
6/29/2018,1:00:00,PM,13.401
6/29/2018,2:00:00,PM,12.847
6/29/2018,3:00:00,PM,13.161
6/29/2018,4:00:00,PM,14.601
6/29/2018,5:00:00,PM,15.485
6/29/2018,6:00:00,PM,15.485
6/29/2018,7:00:00,PM,16.177
6/29/2018,8:00:00,PM,16.106
6/29/2018,9:00:00,PM,14.314
6/29/2018,10:00:00,PM,13.281
6/29/2018,11:00:00,PM,12.703
6/30/2018,12:00:00,AM,12.727
6/30/2018,1:00:00,AM,12.751
6/30/2018,2:00:00,AM,13.233
6/30/2018,3:00:00,AM,15.414
6/30/2018,4:00:00,AM,15.533
6/30/2018,5:00:00,AM,16.272
6/30/2018,6:00:00,AM,17.13
6/30/2018,7:00:00,AM,15.581
6/30/2018,8:00:00,AM,14.96
6/30/2018,9:00:00,AM,17.701
6/30/2018,10:00:00,AM,17.724
6/30/2018,11:00:00,AM,21.413
6/30/2018,12:00:00,PM,16.034
6/30/2018,1:00:00,PM,15.103
6/30/2018,2:00:00,PM,12.92
6/30/2018,3:00:00,PM,13.016
6/30/2018,4:00:00,PM,14.457
6/30/2018,5:00:00,PM,16.344
6/30/2018,6:00:00,PM,18.01
6/30/2018,7:00:00,PM,19.294
6/30/2018,8:00:00,PM,18.2
6/30/2018,9:00:00,PM,17.439
6/30/2018,10:00:00,PM,14.505
6/30/2018,11:00:00,PM,13.353
7/1/2018,12:00:00,AM,13.016
7/1/2018,1:00:00,AM,12.606
7/1/2018,2:00:00,AM,12.847
7/1/2018,3:00:00,AM,14.002
7/1/2018,4:00:00,AM,16.058
7/1/2018,5:00:00,AM,16.963
7/1/2018,6:00:00,AM,17.653
7/1/2018,7:00:00,AM,18.01
7/1/2018,8:00:00,AM,17.153
7/1/2018,9:00:00,AM,17.819
7/1/2018,10:00:00,AM,17.677
7/1/2018,11:00:00,AM,19.936
7/1/2018,12:00:00,PM,16.868
7/1/2018,1:00:00,PM,15.843
7/1/2018,2:00:00,PM,14.314
7/1/2018,3:00:00,PM,13.618
7/1/2018,4:00:00,PM,13.473
7/1/2018,5:00:00,PM,14.433
7/1/2018,6:00:00,PM,16.368
7/1/2018,7:00:00,PM,17.653
7/1/2018,8:00:00,PM,17.915
7/1/2018,9:00:00,PM,17.51
7/1/2018,10:00:00,PM,15.843
7/1/2018,11:00:00,PM,14.673
7/2/2018,12:00:00,AM,14.146
7/2/2018,1:00:00,AM,13.473
7/2/2018,2:00:00,AM,13.329
7/2/2018,3:00:00,AM,14.218
7/2/2018,4:00:00,AM,15.103
7/2/2018,5:00:00,AM,16.511
7/2/2018,6:00:00,AM,17.605
7/2/2018,7:00:00,AM,18.438
7/2/2018,8:00:00,AM,18.509
7/2/2018,9:00:00,AM,17.582
7/2/2018,10:00:00,AM,16.868
7/2/2018,11:00:00,AM,16.82
7/2/2018,12:00:00,PM,20.436
7/2/2018,1:00:00,PM,16.725
7/2/2018,2:00:00,PM,15.796
7/2/2018,3:00:00,PM,14.098
7/2/2018,4:00:00,PM,14.218
7/2/2018,5:00:00,PM,14.84
7/2/2018,6:00:00,PM,15.008
7/2/2018,7:00:00,PM,16.677
7/2/2018,8:00:00,PM,17.249
7/2/2018,9:00:00,PM,17.13
7/2/2018,10:00:00,PM,17.13
7/2/2018,11:00:00,PM,15.939
7/3/2018,12:00:00,AM,14.792
7/3/2018,1:00:00,AM,14.314
7/3/2018,2:00:00,AM,13.978
7/3/2018,3:00:00,AM,14.17
7/3/2018,4:00:00,AM,14.816
7/3/2018,5:00:00,AM,15.39
7/3/2018,6:00:00,AM,16.249
7/3/2018,7:00:00,AM,17.296
7/3/2018,8:00:00,AM,17.819
7/3/2018,9:00:00,AM,17.843
7/3/2018,10:00:00,AM,20.579
7/3/2018,11:00:00,AM,20.65
7/3/2018,12:00:00,PM,23.04
7/3/2018,1:00:00,PM,16.939
7/3/2018,2:00:00,PM,16.249
7/3/2018,3:00:00,PM,15.438
7/3/2018,4:00:00,PM,14.745
7/3/2018,5:00:00,PM,15.414
7/3/2018,6:00:00,PM,15.485
7/3/2018,7:00:00,PM,15.843
7/3/2018,8:00:00,PM,16.129
7/3/2018,9:00:00,PM,16.487
7/3/2018,10:00:00,PM,16.463
7/3/2018,11:00:00,PM,17.011
7/4/2018,12:00:00,AM,16.558
7/4/2018,1:00:00,AM,15.605
7/4/2018,2:00:00,AM,15.318
7/4/2018,3:00:00,AM,15.581
7/4/2018,4:00:00,AM,15.414
7/4/2018,5:00:00,AM,15.7
7/4/2018,6:00:00,AM,16.415
7/4/2018,7:00:00,AM,17.058
7/4/2018,8:00:00,AM,17.701
7/4/2018,9:00:00,AM,17.867
7/4/2018,10:00:00,AM,17.13
7/4/2018,11:00:00,AM,15.509
7/4/2018,12:00:00,PM,16.677
7/4/2018,1:00:00,PM,17.177
7/4/2018,2:00:00,PM,16.439
7/4/2018,3:00:00,PM,16.153
7/4/2018,4:00:00,PM,15.247
7/4/2018,5:00:00,PM,15.008
7/4/2018,6:00:00,PM,15.151
7/4/2018,7:00:00,PM,15.605
7/4/2018,8:00:00,PM,17.011
7/4/2018,9:00:00,PM,17.558
7/4/2018,10:00:00,PM,17.891
7/4/2018,11:00:00,PM,18.129
7/5/2018,12:00:00,AM,17.653
7/5/2018,1:00:00,AM,17.011
7/5/2018,2:00:00,AM,15.963
7/5/2018,3:00:00,AM,15.724
7/5/2018,4:00:00,AM,15.724
7/5/2018,5:00:00,AM,15.915
7/5/2018,6:00:00,AM,16.773
7/5/2018,7:00:00,AM,17.32
7/5/2018,8:00:00,AM,17.867
7/5/2018,9:00:00,AM,18.2
7/5/2018,10:00:00,AM,18.271
7/5/2018,11:00:00,AM,20.913
7/5/2018,12:00:00,PM,24.267
7/5/2018,1:00:00,PM,24.315
7/5/2018,2:00:00,PM,18.343
7/5/2018,3:00:00,PM,16.892
7/5/2018,4:00:00,PM,16.773
7/5/2018,5:00:00,PM,15.7
7/5/2018,6:00:00,PM,15.581
7/5/2018,7:00:00,PM,15.676
7/5/2018,8:00:00,PM,17.177
7/5/2018,9:00:00,PM,18.105
7/5/2018,10:00:00,PM,18.224
7/5/2018,11:00:00,PM,18.675
7/6/2018,12:00:00,AM,19.246
7/6/2018,1:00:00,AM,19.389
7/6/2018,2:00:00,AM,17.915
7/6/2018,3:00:00,AM,17.011
7/6/2018,4:00:00,AM,16.487
7/6/2018,5:00:00,AM,16.153
7/6/2018,6:00:00,AM,16.32
7/6/2018,7:00:00,AM,17.249
7/6/2018,8:00:00,AM,18.01
7/6/2018,9:00:00,AM,18.675
7/6/2018,10:00:00,AM,19.793
7/6/2018,11:00:00,AM,20.388
7/6/2018,12:00:00,PM,19.912
7/6/2018,1:00:00,PM,20.365
7/6/2018,2:00:00,PM,19.246
7/6/2018,3:00:00,PM,17.106
7/6/2018,4:00:00,PM,16.892
7/6/2018,5:00:00,PM,16.511
7/6/2018,6:00:00,PM,15.963
7/6/2018,7:00:00,PM,15.724
7/6/2018,8:00:00,PM,15.867
7/6/2018,9:00:00,PM,16.987
7/6/2018,10:00:00,PM,17.819
7/6/2018,11:00:00,PM,17.867
7/7/2018,12:00:00,AM,17.772
7/7/2018,1:00:00,AM,18.533
7/7/2018,2:00:00,AM,17.368
7/7/2018,3:00:00,AM,16.63
7/7/2018,4:00:00,AM,17.034
7/7/2018,5:00:00,AM,16.534
7/7/2018,6:00:00,AM,16.344
7/7/2018,7:00:00,AM,16.296
7/7/2018,8:00:00,AM,16.415
7/7/2018,9:00:00,AM,17.201
7/7/2018,10:00:00,AM,17.558
7/7/2018,11:00:00,AM,17.796
7/7/2018,12:00:00,PM,18.033
7/7/2018,1:00:00,PM,19.294
7/7/2018,2:00:00,PM,19.532
7/7/2018,3:00:00,PM,18.057
7/7/2018,4:00:00,PM,17.13
7/7/2018,5:00:00,PM,17.177
7/7/2018,6:00:00,PM,16.034
7/7/2018,7:00:00,PM,15.796
7/7/2018,8:00:00,PM,15.581
7/7/2018,9:00:00,PM,15.629
7/7/2018,10:00:00,PM,16.153
7/7/2018,11:00:00,PM,16.773
7/8/2018,12:00:00,AM,17.391
7/8/2018,1:00:00,AM,18.152
7/8/2018,2:00:00,AM,17.653
7/8/2018,3:00:00,AM,16.439
7/8/2018,4:00:00,AM,14.074
7/8/2018,5:00:00,AM,17.011
7/8/2018,6:00:00,AM,16.654
7/8/2018,7:00:00,AM,16.344
7/8/2018,8:00:00,AM,16.177
7/8/2018,9:00:00,AM,16.129
7/8/2018,10:00:00,AM,16.677
7/8/2018,11:00:00,AM,17.32
7/8/2018,12:00:00,PM,17.629
7/8/2018,1:00:00,PM,19.151
7/8/2018,2:00:00,PM,21.175
7/8/2018,3:00:00,PM,19.674
7/8/2018,4:00:00,PM,17.819
7/8/2018,5:00:00,PM,16.987
7/8/2018,6:00:00,PM,16.534
7/8/2018,7:00:00,PM,15.891
7/8/2018,8:00:00,PM,15.414
7/8/2018,9:00:00,PM,15.223
7/8/2018,10:00:00,PM,15.748
7/8/2018,11:00:00,PM,16.201
7/9/2018,12:00:00,AM,17.772
7/9/2018,1:00:00,AM,18.366
7/9/2018,2:00:00,AM,18.057
7/9/2018,3:00:00,AM,17.201
7/9/2018,4:00:00,AM,13.594
7/9/2018,5:00:00,AM,13.064
7/9/2018,6:00:00,AM,13.281
7/9/2018,7:00:00,AM,16.606
7/9/2018,8:00:00,AM,16.392
7/9/2018,9:00:00,AM,16.082
7/9/2018,10:00:00,AM,15.294
7/9/2018,11:00:00,AM,16.058
7/9/2018,12:00:00,PM,17.938
7/9/2018,1:00:00,PM,18.937
7/9/2018,2:00:00,PM,19.627
7/9/2018,3:00:00,PM,21.628
7/9/2018,4:00:00,PM,19.318
7/9/2018,5:00:00,PM,17.011
7/9/2018,6:00:00,PM,15.891
7/9/2018,7:00:00,PM,15.485
7/9/2018,8:00:00,PM,14.745
7/9/2018,9:00:00,PM,14.194
7/9/2018,10:00:00,PM,14.146
7/9/2018,11:00:00,PM,14.792
7/10/2018,12:00:00,AM,15.986
7/10/2018,1:00:00,AM,17.843
7/10/2018,2:00:00,AM,17.962
7/10/2018,3:00:00,AM,17.605
7/10/2018,4:00:00,AM,14.96
7/10/2018,5:00:00,AM,12.703
7/10/2018,6:00:00,AM,12.219
7/10/2018,7:00:00,AM,12.654
7/10/2018,8:00:00,AM,16.534
7/10/2018,9:00:00,AM,16.344
7/10/2018,10:00:00,AM,13.858
7/10/2018,11:00:00,AM,13.329
7/10/2018,12:00:00,PM,13.546
7/10/2018,1:00:00,PM,14.409
7/10/2018,2:00:00,PM,17.106
7/10/2018,3:00:00,PM,18.343
7/10/2018,4:00:00,PM,19.032
7/10/2018,5:00:00,PM,16.892
7/10/2018,6:00:00,PM,15.581
7/10/2018,7:00:00,PM,14.649
7/10/2018,8:00:00,PM,14.433
7/10/2018,9:00:00,PM,13.497
7/10/2018,10:00:00,PM,12.992
7/10/2018,11:00:00,PM,13.618
7/11/2018,12:00:00,AM,14.314
7/11/2018,1:00:00,AM,16.034
7/11/2018,2:00:00,AM,16.892
7/11/2018,3:00:00,AM,18.176
7/11/2018,4:00:00,AM,17.677
7/11/2018,5:00:00,AM,15.127
7/11/2018,6:00:00,AM,12.654
7/11/2018,7:00:00,AM,12.558
7/11/2018,8:00:00,AM,13.546
7/11/2018,9:00:00,AM,16.701
7/11/2018,10:00:00,AM,16.01
7/11/2018,11:00:00,AM,12.219
7/11/2018,12:00:00,PM,12.606
7/11/2018,1:00:00,PM,14.002
7/11/2018,2:00:00,PM,15.366
7/11/2018,3:00:00,PM,17.986
7/11/2018,4:00:00,PM,20.079
7/11/2018,5:00:00,PM,18.414
7/11/2018,6:00:00,PM,16.606
7/11/2018,7:00:00,PM,14.745
7/11/2018,8:00:00,PM,13.594
7/11/2018,9:00:00,PM,12.606
7/11/2018,10:00:00,PM,11.734
7/11/2018,11:00:00,PM,11.516
7/12/2018,12:00:00,AM,13.522
7/12/2018,1:00:00,AM,16.392
7/12/2018,2:00:00,AM,16.249
7/12/2018,3:00:00,AM,16.844
7/12/2018,4:00:00,AM,18.129
7/12/2018,5:00:00,AM,18.033
7/12/2018,6:00:00,AM,16.01
7/12/2018,7:00:00,AM,14.721
7/12/2018,8:00:00,AM,15.199
7/12/2018,9:00:00,AM,17.605
7/12/2018,10:00:00,AM,16.796
7/12/2018,11:00:00,AM,14.673
7/12/2018,12:00:00,PM,13.04
7/12/2018,1:00:00,PM,13.088
7/12/2018,2:00:00,PM,14.146
7/12/2018,3:00:00,PM,15.247
7/12/2018,4:00:00,PM,18.818
7/12/2018,5:00:00,PM,20.126
7/12/2018,6:00:00,PM,18.485
7/12/2018,7:00:00,PM,16.63
7/12/2018,8:00:00,PM,14.816
7/12/2018,9:00:00,PM,13.978
7/12/2018,10:00:00,PM,13.257
7/12/2018,11:00:00,PM,12.751
7/13/2018,12:00:00,AM,12.558
7/13/2018,1:00:00,AM,13.786
7/13/2018,2:00:00,AM,15.724
7/13/2018,3:00:00,AM,15.843
7/13/2018,4:00:00,AM,17.177
7/13/2018,5:00:00,AM,18.699
7/13/2018,6:00:00,AM,17.962
7/13/2018,7:00:00,AM,15.605
7/13/2018,8:00:00,AM,15.294
7/13/2018,9:00:00,AM,15.342
7/13/2018,10:00:00,AM,16.01
7/13/2018,11:00:00,AM,16.296
7/13/2018,12:00:00,PM,14.314
7/13/2018,1:00:00,PM,13.546
7/13/2018,2:00:00,PM,13.666
7/13/2018,3:00:00,PM,14.625
7/13/2018,4:00:00,PM,17.32
7/13/2018,5:00:00,PM,18.961
7/13/2018,6:00:00,PM,19.793
7/13/2018,7:00:00,PM,19.127
7/13/2018,8:00:00,PM,16.225
7/13/2018,9:00:00,PM,14.864
7/13/2018,10:00:00,PM,14.505
7/13/2018,11:00:00,PM,13.858
7/14/2018,12:00:00,AM,13.425
7/14/2018,1:00:00,AM,13.425
7/14/2018,2:00:00,AM,14.242
7/14/2018,3:00:00,AM,15.27
7/14/2018,4:00:00,AM,15.748
7/14/2018,5:00:00,AM,17.225
7/14/2018,6:00:00,AM,18.295
7/14/2018,7:00:00,AM,17.772
7/14/2018,8:00:00,AM,14.553
7/14/2018,9:00:00,AM,14.649
7/14/2018,10:00:00,AM,14.673
7/14/2018,11:00:00,AM,16.654
7/14/2018,12:00:00,PM,16.058
7/14/2018,1:00:00,PM,14.433
7/14/2018,2:00:00,PM,14.218
7/14/2018,3:00:00,PM,14.146
7/14/2018,4:00:00,PM,15.151
7/14/2018,5:00:00,PM,16.796
7/14/2018,6:00:00,PM,17.772
7/14/2018,7:00:00,PM,18.176
7/14/2018,8:00:00,PM,17.272
7/14/2018,9:00:00,PM,16.01
7/14/2018,10:00:00,PM,14.96
7/14/2018,11:00:00,PM,14.601
7/15/2018,12:00:00,AM,13.906
7/15/2018,1:00:00,AM,13.594
7/15/2018,2:00:00,AM,13.666
7/15/2018,3:00:00,AM,14.266
7/15/2018,4:00:00,AM,15.438
7/15/2018,5:00:00,AM,16.177
7/15/2018,6:00:00,AM,16.963
7/15/2018,7:00:00,AM,17.225
7/15/2018,8:00:00,AM,16.439
7/15/2018,9:00:00,AM,14.122
7/15/2018,10:00:00,AM,14.098
7/15/2018,11:00:00,AM,14.29
7/15/2018,12:00:00,PM,16.153
7/15/2018,1:00:00,PM,15.629
7/15/2018,2:00:00,PM,14.505
7/15/2018,3:00:00,PM,14.433
7/15/2018,4:00:00,PM,14.266
7/15/2018,5:00:00,PM,15.819
7/15/2018,6:00:00,PM,16.868
7/15/2018,7:00:00,PM,17.677
7/15/2018,8:00:00,PM,18.057
7/15/2018,9:00:00,PM,17.368
7/15/2018,10:00:00,PM,16.225
7/15/2018,11:00:00,PM,14.984
7/16/2018,12:00:00,AM,14.816
7/16/2018,1:00:00,AM,14.314
7/16/2018,2:00:00,AM,14.074
7/16/2018,3:00:00,AM,14.218
7/16/2018,4:00:00,AM,14.816
7/16/2018,5:00:00,AM,15.414
7/16/2018,6:00:00,AM,16.463
7/16/2018,7:00:00,AM,17.201
7/16/2018,8:00:00,AM,16.844
7/16/2018,9:00:00,AM,14.792
7/16/2018,10:00:00,AM,13.906
7/16/2018,11:00:00,AM,14.098
7/16/2018,12:00:00,PM,15.151
7/16/2018,1:00:00,PM,16.249
7/16/2018,2:00:00,PM,15.055
7/16/2018,3:00:00,PM,14.697
7/16/2018,4:00:00,PM,14.457
7/16/2018,5:00:00,PM,14.673
7/16/2018,6:00:00,PM,15.939
7/16/2018,7:00:00,PM,16.796
7/16/2018,8:00:00,PM,17.558
7/16/2018,9:00:00,PM,18.224
7/16/2018,10:00:00,PM,17.534
7/16/2018,11:00:00,PM,16.439
7/17/2018,12:00:00,AM,14.96
7/17/2018,1:00:00,AM,15.151
7/17/2018,2:00:00,AM,14.768
7/17/2018,3:00:00,AM,14.505
7/17/2018,4:00:00,AM,14.721
7/17/2018,5:00:00,AM,15.223
7/17/2018,6:00:00,AM,15.605
7/17/2018,7:00:00,AM,16.939
7/17/2018,8:00:00,AM,18.081
7/17/2018,9:00:00,AM,17.201
7/17/2018,10:00:00,AM,15.055
7/17/2018,11:00:00,AM,14.721
7/17/2018,12:00:00,PM,15.079
7/17/2018,1:00:00,PM,16.773
7/17/2018,2:00:00,PM,16.129
7/17/2018,3:00:00,PM,14.266
7/17/2018,4:00:00,PM,14.146
7/17/2018,5:00:00,PM,13.834
7/17/2018,6:00:00,PM,14.481
7/17/2018,7:00:00,PM,15.39
7/17/2018,8:00:00,PM,16.63
7/17/2018,9:00:00,PM,17.391
7/17/2018,10:00:00,PM,18.343
7/17/2018,11:00:00,PM,18.509
7/18/2018,12:00:00,AM,17.082
7/18/2018,1:00:00,AM,15.605
7/18/2018,2:00:00,AM,14.816
7/18/2018,3:00:00,AM,14.673
7/18/2018,4:00:00,AM,14.529
7/18/2018,5:00:00,AM,14.673
7/18/2018,6:00:00,AM,15.247
7/18/2018,7:00:00,AM,16.082
7/18/2018,8:00:00,AM,17.034
7/18/2018,9:00:00,AM,18.105
7/18/2018,10:00:00,AM,18.652
7/18/2018,11:00:00,AM,16.939
7/18/2018,12:00:00,PM,16.868
7/18/2018,1:00:00,PM,19.341
7/18/2018,2:00:00,PM,16.773
7/18/2018,3:00:00,PM,16.129
7/18/2018,4:00:00,PM,15.055
7/18/2018,5:00:00,PM,14.792
7/18/2018,6:00:00,PM,14.577
7/18/2018,7:00:00,PM,15.294
7/18/2018,8:00:00,PM,15.581
7/18/2018,9:00:00,PM,16.82
7/18/2018,10:00:00,PM,18.224
7/18/2018,11:00:00,PM,19.579
7/19/2018,12:00:00,AM,19.746
7/19/2018,1:00:00,AM,18.295
7/19/2018,2:00:00,AM,17.415
7/19/2018,3:00:00,AM,15.533
7/19/2018,4:00:00,AM,15.461
7/19/2018,5:00:00,AM,15.342
7/19/2018,6:00:00,AM,15.39
7/19/2018,7:00:00,AM,16.582
7/19/2018,8:00:00,AM,17.153
7/19/2018,9:00:00,AM,17.819
7/19/2018,10:00:00,AM,18.842
7/19/2018,11:00:00,AM,20.603
7/19/2018,12:00:00,PM,21.294
7/19/2018,1:00:00,PM,19.865
7/19/2018,2:00:00,PM,18.604
7/19/2018,3:00:00,PM,16.63
7/19/2018,4:00:00,PM,16.487
7/19/2018,5:00:00,PM,16.034
7/19/2018,6:00:00,PM,15.652
7/19/2018,7:00:00,PM,15.509
7/19/2018,8:00:00,PM,16.201
7/19/2018,9:00:00,PM,16.487
7/19/2018,10:00:00,PM,17.772
7/19/2018,11:00:00,PM,19.27
7/20/2018,12:00:00,AM,20.15
7/20/2018,1:00:00,AM,20.198
7/20/2018,2:00:00,AM,18.985
7/20/2018,3:00:00,AM,18.366
7/20/2018,4:00:00,AM,16.487
7/20/2018,5:00:00,AM,16.225
7/20/2018,6:00:00,AM,16.272
7/20/2018,7:00:00,AM,16.177
7/20/2018,8:00:00,AM,17.201
7/20/2018,9:00:00,AM,17.915
7/20/2018,10:00:00,AM,18.747
7/20/2018,11:00:00,AM,19.865
7/20/2018,12:00:00,PM,21.437
7/20/2018,1:00:00,PM,21.7
7/20/2018,2:00:00,PM,20.007
7/20/2018,3:00:00,PM,17.724
7/20/2018,4:00:00,PM,17.439
7/20/2018,5:00:00,PM,17.082
7/20/2018,6:00:00,PM,16.558
7/20/2018,7:00:00,PM,16.272
7/20/2018,8:00:00,PM,16.511
7/20/2018,9:00:00,PM,17.344
7/20/2018,10:00:00,PM,19.008
7/20/2018,11:00:00,PM,19.341
7/21/2018,12:00:00,AM,20.031
7/21/2018,1:00:00,AM,21.294
7/21/2018,2:00:00,AM,20.865
7/21/2018,3:00:00,AM,20.388
7/21/2018,4:00:00,AM,19.722
7/21/2018,5:00:00,AM,17.867
7/21/2018,6:00:00,AM,17.058
7/21/2018,7:00:00,AM,17.106
7/21/2018,8:00:00,AM,17.13
7/21/2018,9:00:00,AM,17.32
7/21/2018,10:00:00,AM,19.389
7/21/2018,11:00:00,AM,20.055
7/21/2018,12:00:00,PM,21.27
7/21/2018,1:00:00,PM,22.345
7/21/2018,2:00:00,PM,21.987
7/21/2018,3:00:00,PM,19.698
7/21/2018,4:00:00,PM,18.39
7/21/2018,5:00:00,PM,17.843
7/21/2018,6:00:00,PM,17.605
7/21/2018,7:00:00,PM,16.892
7/21/2018,8:00:00,PM,16.511
7/21/2018,9:00:00,PM,17.13
7/21/2018,10:00:00,PM,17.867
7/21/2018,11:00:00,PM,18.818
7/22/2018,12:00:00,AM,20.174
7/22/2018,1:00:00,AM,21.652
7/22/2018,2:00:00,AM,22.011
7/22/2018,3:00:00,AM,20.984
7/22/2018,4:00:00,AM,17.225
7/22/2018,5:00:00,AM,19.674
7/22/2018,6:00:00,AM,18.866
7/22/2018,7:00:00,AM,17.891
7/22/2018,8:00:00,AM,17.819
7/22/2018,9:00:00,AM,17.415
7/22/2018,10:00:00,AM,17.391
7/22/2018,11:00:00,AM,19.103
7/22/2018,12:00:00,PM,20.507
7/22/2018,1:00:00,PM,21.294
7/22/2018,2:00:00,PM,21.987
7/22/2018,3:00:00,PM,21.103
7/22/2018,4:00:00,PM,19.817
7/22/2018,5:00:00,PM,18.414
7/22/2018,6:00:00,PM,17.796
7/22/2018,7:00:00,PM,17.962
7/22/2018,8:00:00,PM,17.32
7/22/2018,9:00:00,PM,17.106
7/22/2018,10:00:00,PM,17.724
7/22/2018,11:00:00,PM,18.152
7/23/2018,12:00:00,AM,18.913
7/23/2018,1:00:00,AM,20.603
7/23/2018,2:00:00,AM,22.226
7/23/2018,3:00:00,AM,20.936
7/23/2018,4:00:00,AM,17.177
7/23/2018,5:00:00,AM,15.127
7/23/2018,6:00:00,AM,16.129
7/23/2018,7:00:00,AM,19.08
7/23/2018,8:00:00,AM,18.271
7/23/2018,9:00:00,AM,18.129
7/23/2018,10:00:00,AM,17.177
7/23/2018,11:00:00,AM,17.51
7/23/2018,12:00:00,PM,18.747
7/23/2018,1:00:00,PM,19.555
7/23/2018,2:00:00,PM,20.174
7/23/2018,3:00:00,PM,20.507
7/23/2018,4:00:00,PM,20.126
7/23/2018,5:00:00,PM,18.961
7/23/2018,6:00:00,PM,17.867
7/23/2018,7:00:00,PM,17.415
7/23/2018,8:00:00,PM,17.249
7/23/2018,9:00:00,PM,16.915
7/23/2018,10:00:00,PM,16.939
7/23/2018,11:00:00,PM,17.391
7/24/2018,12:00:00,AM,17.891
7/24/2018,1:00:00,AM,19.056
7/24/2018,2:00:00,AM,20.079
7/24/2018,3:00:00,AM,19.484
7/24/2018,4:00:00,AM,18.652
7/24/2018,5:00:00,AM,15.079
7/24/2018,6:00:00,AM,14.433
7/24/2018,7:00:00,AM,15.079
7/24/2018,8:00:00,AM,18.2
7/24/2018,9:00:00,AM,17.962
7/24/2018,10:00:00,AM,17.558
7/24/2018,11:00:00,AM,16.487
7/24/2018,12:00:00,PM,16.773
7/24/2018,1:00:00,PM,18.366
7/24/2018,2:00:00,PM,19.127
7/24/2018,3:00:00,PM,19.365
7/24/2018,4:00:00,PM,19.103
7/24/2018,5:00:00,PM,18.771
7/24/2018,6:00:00,PM,18.081
7/24/2018,7:00:00,PM,17.153
7/24/2018,8:00:00,PM,16.749
7/24/2018,9:00:00,PM,16.677
7/24/2018,10:00:00,PM,16.558
7/24/2018,11:00:00,PM,16.606
7/25/2018,12:00:00,AM,16.963
7/25/2018,1:00:00,AM,17.391
7/25/2018,2:00:00,AM,18.533
7/25/2018,3:00:00,AM,18.461
7/25/2018,4:00:00,AM,17.891
7/25/2018,5:00:00,AM,15.581
7/25/2018,6:00:00,AM,13.522
7/25/2018,7:00:00,AM,13.281
7/25/2018,8:00:00,AM,14.026
7/25/2018,9:00:00,AM,17.653
7/25/2018,10:00:00,AM,17.51
7/25/2018,11:00:00,AM,16.177
7/25/2018,12:00:00,PM,15.676
7/25/2018,1:00:00,PM,16.368
7/25/2018,2:00:00,PM,17.558
7/25/2018,3:00:00,PM,17.915
7/25/2018,4:00:00,PM,18.509
7/25/2018,5:00:00,PM,18.794
7/25/2018,6:00:00,PM,18.152
7/25/2018,7:00:00,PM,17.034
7/25/2018,8:00:00,PM,16.225
7/25/2018,9:00:00,PM,15.891
7/25/2018,10:00:00,PM,15.772
7/25/2018,11:00:00,PM,15.629
7/26/2018,12:00:00,AM,15.772
7/26/2018,1:00:00,AM,16.034
7/26/2018,2:00:00,AM,16.963
7/26/2018,3:00:00,AM,16.487
7/26/2018,4:00:00,AM,16.463
7/26/2018,5:00:00,AM,15.939
7/26/2018,6:00:00,AM,12.847
7/26/2018,7:00:00,AM,12.292
7/26/2018,8:00:00,AM,12.292
7/26/2018,9:00:00,AM,14.122
7/26/2018,10:00:00,AM,17.058
7/26/2018,11:00:00,AM,16.654
7/26/2018,12:00:00,PM,15.39
7/26/2018,1:00:00,PM,14.984
7/26/2018,2:00:00,PM,15.963
7/26/2018,3:00:00,PM,16.511
7/26/2018,4:00:00,PM,17.415
7/26/2018,5:00:00,PM,17.344
7/26/2018,6:00:00,PM,17.629
7/26/2018,7:00:00,PM,16.677
7/26/2018,8:00:00,PM,15.796
7/26/2018,9:00:00,PM,14.936
7/26/2018,10:00:00,PM,14.433
7/26/2018,11:00:00,PM,13.906
7/27/2018,12:00:00,AM,13.954
7/27/2018,1:00:00,AM,14.625
7/27/2018,2:00:00,AM,15.223
7/27/2018,3:00:00,AM,16.63
7/27/2018,4:00:00,AM,15.724
7/27/2018,5:00:00,AM,15.533
7/27/2018,6:00:00,AM,13.714
7/27/2018,7:00:00,AM,11.977
7/27/2018,8:00:00,AM,11.37
7/27/2018,9:00:00,AM,12.219
7/27/2018,10:00:00,AM,16.558
7/27/2018,11:00:00,AM,16.225
7/27/2018,12:00:00,PM,14.026
7/27/2018,1:00:00,PM,13.401
7/27/2018,2:00:00,PM,13.522
7/27/2018,3:00:00,PM,14.673
7/27/2018,4:00:00,PM,15.557
7/27/2018,5:00:00,PM,16.987
7/27/2018,6:00:00,PM,16.749
7/27/2018,7:00:00,PM,16.439
7/27/2018,8:00:00,PM,15.247
7/27/2018,9:00:00,PM,14.266
7/27/2018,10:00:00,PM,13.594
7/27/2018,11:00:00,PM,13.281
7/28/2018,12:00:00,AM,13.185
7/28/2018,1:00:00,AM,13.401
7/28/2018,2:00:00,AM,13.834
7/28/2018,3:00:00,AM,15.151
7/28/2018,4:00:00,AM,16.296
7/28/2018,5:00:00,AM,15.867
7/28/2018,6:00:00,AM,15.318
7/28/2018,7:00:00,AM,12.703
7/28/2018,8:00:00,AM,12.195
7/28/2018,9:00:00,AM,14.122
7/28/2018,10:00:00,AM,13.377
7/28/2018,11:00:00,AM,15.963
7/28/2018,12:00:00,PM,15.414
7/28/2018,1:00:00,PM,12.509
7/28/2018,2:00:00,PM,12.389
7/28/2018,3:00:00,PM,13.112
7/28/2018,4:00:00,PM,16.654
7/28/2018,5:00:00,PM,16.963
7/28/2018,6:00:00,PM,17.201
7/28/2018,7:00:00,PM,16.725
7/28/2018,8:00:00,PM,16.082
7/28/2018,9:00:00,PM,14.314
7/28/2018,10:00:00,PM,13.425
7/28/2018,11:00:00,PM,12.775
7/29/2018,12:00:00,AM,12.364
7/29/2018,1:00:00,AM,12.268
7/29/2018,2:00:00,AM,12.968
7/29/2018,3:00:00,AM,13.954
7/29/2018,4:00:00,AM,15.796
7/29/2018,5:00:00,AM,16.749
7/29/2018,6:00:00,AM,15.986
7/29/2018,7:00:00,AM,14.96
7/29/2018,8:00:00,AM,11.759
7/29/2018,9:00:00,AM,12.025
7/29/2018,10:00:00,AM,13.473
7/29/2018,11:00:00,AM,16.153
7/29/2018,12:00:00,PM,15.581
7/29/2018,1:00:00,PM,13.257
7/29/2018,2:00:00,PM,12.534
7/29/2018,3:00:00,PM,12.558
7/29/2018,4:00:00,PM,14.673
7/29/2018,5:00:00,PM,16.868
7/29/2018,6:00:00,PM,16.892
7/29/2018,7:00:00,PM,17.368
7/29/2018,8:00:00,PM,17.296
7/29/2018,9:00:00,PM,15.772
7/29/2018,10:00:00,PM,13.93
7/29/2018,11:00:00,PM,13.281
7/30/2018,12:00:00,AM,12.799
7/30/2018,1:00:00,AM,12.437
7/30/2018,2:00:00,AM,12.751
7/30/2018,3:00:00,AM,13.497
7/30/2018,4:00:00,AM,14.936
7/30/2018,5:00:00,AM,16.392
7/30/2018,6:00:00,AM,15.294
7/30/2018,7:00:00,AM,15.318
7/30/2018,8:00:00,AM,13.04
7/30/2018,9:00:00,AM,12.292
7/30/2018,10:00:00,AM,13.329
7/30/2018,11:00:00,AM,16.106
7/30/2018,12:00:00,PM,15.557
7/30/2018,1:00:00,PM,14.816
7/30/2018,2:00:00,PM,12.823
7/30/2018,3:00:00,PM,12.582
7/30/2018,4:00:00,PM,13.233
7/30/2018,5:00:00,PM,15.247
7/30/2018,6:00:00,PM,16.034
7/30/2018,7:00:00,PM,16.963
7/30/2018,8:00:00,PM,16.439
7/30/2018,9:00:00,PM,16.558
7/30/2018,10:00:00,PM,15.008
7/30/2018,11:00:00,PM,13.81
7/31/2018,12:00:00,AM,13.305
7/31/2018,1:00:00,AM,12.992
7/31/2018,2:00:00,AM,12.751
7/31/2018,3:00:00,AM,13.257
7/31/2018,4:00:00,AM,13.738
7/31/2018,5:00:00,AM,15.557
7/31/2018,6:00:00,AM,16.368
7/31/2018,7:00:00,AM,15.366
7/31/2018,8:00:00,AM,14.96
7/31/2018,9:00:00,AM,12.268
7/31/2018,10:00:00,AM,12.92
7/31/2018,11:00:00,AM,15.294
7/31/2018,12:00:00,PM,15.7
7/31/2018,1:00:00,PM,15.079
7/31/2018,2:00:00,PM,12.944
7/31/2018,3:00:00,PM,12.534
7/31/2018,4:00:00,PM,12.703
7/31/2018,5:00:00,PM,14.122
7/31/2018,6:00:00,PM,16.201
7/31/2018,7:00:00,PM,16.32
7/31/2018,8:00:00,PM,16.558
7/31/2018,9:00:00,PM,16.534
7/31/2018,10:00:00,PM,16.606
7/31/2018,11:00:00,PM,14.601
